case,distance_mm,theta_x_deg,theta_y_deg,element_id,x_mm,y_mm,rho_mm,amplitude,phase_deg
R100_x-15,100,-15.0,0.0,E00,0.000,0.000,0.000,1.000000,121.749
R100_x-15,100,-15.0,0.0,E01,19.500,0.000,19.500,0.434506,199.531
R100_x-15,100,-15.0,0.0,E02,12.160,15.250,19.505,0.529570,274.861
R100_x-15,100,-15.0,0.0,E03,-4.340,19.010,19.499,0.963625,89.221
R100_x-15,100,-15.0,0.0,E04,-17.570,8.460,19.501,1.000000,234.348
R100_x-15,100,-15.0,0.0,E05,-17.570,-8.460,19.501,1.000000,234.348
R100_x-15,100,-15.0,0.0,E06,-4.340,-19.010,19.499,0.963625,89.221
R100_x-15,100,-15.0,0.0,E07,12.160,-15.250,19.505,0.529570,274.861
R100_x-15,100,-15.0,0.0,E08,37.000,0.000,37.000,0.157020,201.207
R100_x-15,100,-15.0,0.0,E09,28.340,23.780,36.995,0.177260,283.615
R100_x-15,100,-15.0,0.0,E10,6.420,36.440,37.001,0.343806,138.623
R100_x-15,100,-15.0,0.0,E11,-18.500,32.040,36.997,0.750145,36.307
R100_x-15,100,-15.0,0.0,E12,-34.770,12.650,37.000,1.000000,213.186
R100_x-15,100,-15.0,0.0,E13,-34.770,-12.650,37.000,1.000000,213.186
R100_x-15,100,-15.0,0.0,E14,-18.500,-32.040,36.997,0.750145,36.307
R100_x-15,100,-15.0,0.0,E15,6.420,-36.440,37.001,0.343806,138.623
R100_x-15,100,-15.0,0.0,E16,28.340,-23.780,36.995,0.177260,283.615
R100_x-15,100,-15.0,0.0,E17,58.000,0.000,58.000,0.000000,29.142
R100_x-15,100,-15.0,0.0,E18,52.990,23.590,58.004,0.009747,71.794
R100_x-15,100,-15.0,0.0,E19,38.810,43.100,57.999,0.019807,194.714
R100_x-15,100,-15.0,0.0,E20,17.920,55.160,57.998,0.056121,21.139
R100_x-15,100,-15.0,0.0,E21,-6.060,57.680,57.997,0.156803,244.058
R100_x-15,100,-15.0,0.0,E22,-29.000,50.230,58.000,0.298230,107.393
R100_x-15,100,-15.0,0.0,E23,-46.920,34.090,57.997,0.500509,289.895
R100_x-15,100,-15.0,0.0,E24,-56.730,12.060,57.998,0.683674,33.017
R100_x-15,100,-15.0,0.0,E25,-56.730,-12.060,57.998,0.683674,33.017
R100_x-15,100,-15.0,0.0,E26,-46.920,-34.090,57.997,0.500509,289.895
R100_x-15,100,-15.0,0.0,E27,-29.000,-50.230,58.000,0.298230,107.393
R100_x-15,100,-15.0,0.0,E28,-6.060,-57.680,57.997,0.156803,244.058
R100_x-15,100,-15.0,0.0,E29,17.920,-55.160,57.998,0.056121,21.139
R100_x-15,100,-15.0,0.0,E30,38.810,-43.100,57.999,0.019807,194.714
R100_x-15,100,-15.0,0.0,E31,52.990,-23.590,58.004,0.009747,71.794
R100_x15,100,15.0,0.0,E00,0.000,0.000,0.000,1.000000,121.749
R100_x15,100,15.0,0.0,E01,19.500,0.000,19.500,1.000000,255.960
R100_x15,100,15.0,0.0,E02,12.160,15.250,19.505,1.000000,174.351
R100_x15,100,15.0,0.0,E03,-4.340,19.010,19.499,0.682761,356.643
R100_x15,100,15.0,0.0,E04,-17.570,8.460,19.501,0.459040,219.219
R100_x15,100,15.0,0.0,E05,-17.570,-8.460,19.501,0.459040,219.219
R100_x15,100,15.0,0.0,E06,-4.340,-19.010,19.499,0.682761,356.643
R100_x15,100,15.0,0.0,E07,12.160,-15.250,19.505,1.000000,174.351
R100_x15,100,15.0,0.0,E08,37.000,0.000,37.000,1.000000,238.027
R100_x15,100,15.0,0.0,E09,28.340,23.780,36.995,1.000000,142.444
R100_x15,100,15.0,0.0,E10,6.420,36.440,37.001,0.512728,269.485
R100_x15,100,15.0,0.0,E11,-18.500,32.040,36.997,0.240893,18.913
R100_x15,100,15.0,0.0,E12,-34.770,12.650,37.000,0.156859,222.280
R100_x15,100,15.0,0.0,E13,-34.770,-12.650,37.000,0.156859,222.280
R100_x15,100,15.0,0.0,E14,-18.500,-32.040,36.997,0.240893,18.913
R100_x15,100,15.0,0.0,E15,6.420,-36.440,37.001,0.512728,269.485
R100_x15,100,15.0,0.0,E16,28.340,-23.780,36.995,1.000000,142.444
R100_x15,100,15.0,0.0,E17,58.000,0.000,58.000,0.702293,46.499
R100_x15,100,15.0,0.0,E18,52.990,23.590,58.004,0.602963,353.262
R100_x15,100,15.0,0.0,E19,38.810,43.100,57.999,0.396307,206.376
R100_x15,100,15.0,0.0,E20,17.920,55.160,57.998,0.209103,358.217
R100_x15,100,15.0,0.0,E21,-6.060,57.680,57.997,0.108255,130.129
R100_x15,100,15.0,0.0,E22,-29.000,50.230,58.000,0.045874,281.369
R100_x15,100,15.0,0.0,E23,-46.920,34.090,57.997,0.015678,124.155
R100_x15,100,15.0,0.0,E24,-56.730,12.060,57.998,0.000368,39.983
R100_x15,100,15.0,0.0,E25,-56.730,-12.060,57.998,0.000368,39.983
R100_x15,100,15.0,0.0,E26,-46.920,-34.090,57.997,0.015678,124.155
R100_x15,100,15.0,0.0,E27,-29.000,-50.230,58.000,0.045874,281.369
R100_x15,100,15.0,0.0,E28,-6.060,-57.680,57.997,0.108255,130.129
R100_x15,100,15.0,0.0,E29,17.920,-55.160,57.998,0.209103,358.217
R100_x15,100,15.0,0.0,E30,38.810,-43.100,57.999,0.396307,206.376
R100_x15,100,15.0,0.0,E31,52.990,-23.590,58.004,0.602963,353.262
R150_x-15,150,-15.0,0.0,E00,0.000,0.000,0.000,0.916582,182.624
R150_x-15,150,-15.0,0.0,E01,19.500,0.000,19.500,0.495418,282.883
R150_x-15,150,-15.0,0.0,E02,12.160,15.250,19.505,0.576970,359.908
R150_x-15,150,-15.0,0.0,E03,-4.340,19.010,19.499,0.876877,176.577
R150_x-15,150,-15.0,0.0,E04,-17.570,8.460,19.501,1.000000,321.860
R150_x-15,150,-15.0,0.0,E05,-17.570,-8.460,19.501,1.000000,321.860
R150_x-15,150,-15.0,0.0,E06,-4.340,-19.010,19.499,0.876877,176.577
R150_x-15,150,-15.0,0.0,E07,12.160,-15.250,19.505,0.576970,359.908
R150_x-15,150,-15.0,0.0,E08,37.000,0.000,37.000,0.246189,334.622
R150_x-15,150,-15.0,0.0,E09,28.340,23.780,36.995,0.298035,61.531
R150_x-15,150,-15.0,0.0,E10,6.420,36.440,37.001,0.463556,286.481
R150_x-15,150,-15.0,0.0,E11,-18.500,32.040,36.997,0.837568,192.096
R150_x-15,150,-15.0,0.0,E12,-34.770,12.650,37.000,1.000000,11.692
R150_x-15,150,-15.0,0.0,E13,-34.770,-12.650,37.000,1.000000,11.692
R150_x-15,150,-15.0,0.0,E14,-18.500,-32.040,36.997,0.837568,192.096
R150_x-15,150,-15.0,0.0,E15,6.420,-36.440,37.001,0.463556,286.481
R150_x-15,150,-15.0,0.0,E16,28.340,-23.780,36.995,0.298035,61.531
R150_x-15,150,-15.0,0.0,E17,58.000,0.000,58.000,0.091390,244.019
R150_x-15,150,-15.0,0.0,E18,52.990,23.590,58.004,0.108613,290.977
R150_x-15,150,-15.0,0.0,E19,38.810,43.100,57.999,0.140744,65.783
R150_x-15,150,-15.0,0.0,E20,17.920,55.160,57.998,0.209360,269.050
R150_x-15,150,-15.0,0.0,E21,-6.060,57.680,57.997,0.327483,149.989
R150_x-15,150,-15.0,0.0,E22,-29.000,50.230,58.000,0.524059,28.841
R150_x-15,150,-15.0,0.0,E23,-46.920,34.090,57.997,0.780068,221.863
R150_x-15,150,-15.0,0.0,E24,-56.730,12.060,57.998,0.985879,330.043
R150_x-15,150,-15.0,0.0,E25,-56.730,-12.060,57.998,0.985879,330.043
R150_x-15,150,-15.0,0.0,E26,-46.920,-34.090,57.997,0.780068,221.863
R150_x-15,150,-15.0,0.0,E27,-29.000,-50.230,58.000,0.524059,28.841
R150_x-15,150,-15.0,0.0,E28,-6.060,-57.680,57.997,0.327483,149.989
R150_x-15,150,-15.0,0.0,E29,17.920,-55.160,57.998,0.209360,269.050
R150_x-15,150,-15.0,0.0,E30,38.810,-43.100,57.999,0.140744,65.783
R150_x-15,150,-15.0,0.0,E31,52.990,-23.590,58.004,0.108613,290.977
R150_x15,150,15.0,0.0,E00,0.000,0.000,0.000,0.918679,182.624
R150_x15,150,15.0,0.0,E01,19.500,0.000,19.500,1.000000,343.347
R150_x15,150,15.0,0.0,E02,12.160,15.250,19.505,1.000000,262.016
R150_x15,150,15.0,0.0,E03,-4.340,19.010,19.499,0.695859,83.045
R150_x15,150,15.0,0.0,E04,-17.570,8.460,19.501,0.511164,303.051
R150_x15,150,15.0,0.0,E05,-17.570,-8.460,19.501,0.511164,303.051
R150_x15,150,15.0,0.0,E06,-4.340,-19.010,19.499,0.695859,83.045
R150_x15,150,15.0,0.0,E07,12.160,-15.250,19.505,1.000000,262.016
R150_x15,150,15.0,0.0,E08,37.000,0.000,37.000,1.000000,36.720
R150_x15,150,15.0,0.0,E09,28.340,23.780,36.995,1.000000,300.129
R150_x15,150,15.0,0.0,E10,6.420,36.440,37.001,0.619348,61.946
R150_x15,150,15.0,0.0,E11,-18.500,32.040,36.997,0.358047,161.580
R150_x15,150,15.0,0.0,E12,-34.770,12.650,37.000,0.259427,356.888
R150_x15,150,15.0,0.0,E13,-34.770,-12.650,37.000,0.259427,356.888
R150_x15,150,15.0,0.0,E14,-18.500,-32.040,36.997,0.358047,161.580
R150_x15,150,15.0,0.0,E15,6.420,-36.440,37.001,0.619348,61.946
R150_x15,150,15.0,0.0,E16,28.340,-23.780,36.995,1.000000,300.129
R150_x15,150,15.0,0.0,E17,58.000,0.000,58.000,1.000000,344.152
R150_x15,150,15.0,0.0,E18,52.990,23.590,58.004,0.881849,288.472
R150_x15,150,15.0,0.0,E19,38.810,43.100,57.999,0.641422,133.778
R150_x15,150,15.0,0.0,E20,17.920,55.160,57.998,0.421110,272.409
R150_x15,150,15.0,0.0,E21,-6.060,57.680,57.997,0.257068,27.151
R150_x15,150,15.0,0.0,E22,-29.000,50.230,58.000,0.168598,160.474
R150_x15,150,15.0,0.0,E23,-46.920,34.090,57.997,0.119704,348.442
R150_x15,150,15.0,0.0,E24,-56.730,12.060,57.998,0.095494,255.939
R150_x15,150,15.0,0.0,E25,-56.730,-12.060,57.998,0.095494,255.939
R150_x15,150,15.0,0.0,E26,-46.920,-34.090,57.997,0.119704,348.442
R150_x15,150,15.0,0.0,E27,-29.000,-50.230,58.000,0.168598,160.474
R150_x15,150,15.0,0.0,E28,-6.060,-57.680,57.997,0.257068,27.151
R150_x15,150,15.0,0.0,E29,17.920,-55.160,57.998,0.421110,272.409
R150_x15,150,15.0,0.0,E30,38.810,-43.100,57.999,0.641422,133.778
R150_x15,150,15.0,0.0,E31,52.990,-23.590,58.004,0.881849,288.472
R200_x-15,200,-15.0,0.0,E00,0.000,0.000,0.000,0.823356,243.499
R200_x-15,200,-15.0,0.0,E01,19.500,0.000,19.500,0.528716,355.371
R200_x-15,200,-15.0,0.0,E02,12.160,15.250,19.505,0.584660,73.169
R200_x-15,200,-15.0,0.0,E03,-4.340,19.010,19.499,0.829680,250.754
R200_x-15,200,-15.0,0.0,E04,-17.570,8.460,19.501,1.000000,35.882
R200_x-15,200,-15.0,0.0,E05,-17.570,-8.460,19.501,1.000000,35.882
R200_x-15,200,-15.0,0.0,E06,-4.340,-19.010,19.499,0.829680,250.754
R200_x-15,200,-15.0,0.0,E07,12.160,-15.250,19.505,0.584660,73.169
R200_x-15,200,-15.0,0.0,E08,37.000,0.000,37.000,0.317287,74.444
R200_x-15,200,-15.0,0.0,E09,28.340,23.780,36.995,0.369714,163.443
R200_x-15,200,-15.0,0.0,E10,6.420,36.440,37.001,0.526662,32.691
R200_x-15,200,-15.0,0.0,E11,-18.500,32.040,36.997,0.848920,301.049
R200_x-15,200,-15.0,0.0,E12,-34.770,12.650,37.000,1.000000,120.981
R200_x-15,200,-15.0,0.0,E13,-34.770,-12.650,37.000,1.000000,120.981
R200_x-15,200,-15.0,0.0,E14,-18.500,-32.040,36.997,0.848920,301.049
R200_x-15,200,-15.0,0.0,E15,6.420,-36.440,37.001,0.526662,32.691
R200_x-15,200,-15.0,0.0,E16,28.340,-23.780,36.995,0.369714,163.443
R200_x-15,200,-15.0,0.0,E17,58.000,0.000,58.000,0.181166,31.887
R200_x-15,200,-15.0,0.0,E18,52.990,23.590,58.004,0.175904,80.977
R200_x-15,200,-15.0,0.0,E19,38.810,43.100,57.999,0.231183,221.523
R200_x-15,200,-15.0,0.0,E20,17.920,55.160,57.998,0.323937,72.524
R200_x-15,200,-15.0,0.0,E21,-6.060,57.680,57.997,0.450099,321.054
R200_x-15,200,-15.0,0.0,E22,-29.000,50.230,58.000,0.649232,205.616
R200_x-15,200,-15.0,0.0,E23,-46.920,34.090,57.997,0.881915,41.785
R200_x-15,200,-15.0,0.0,E24,-56.730,12.060,57.998,1.000000,151.140
R200_x-15,200,-15.0,0.0,E25,-56.730,-12.060,57.998,1.000000,151.140
R200_x-15,200,-15.0,0.0,E26,-46.920,-34.090,57.997,0.881915,41.785
R200_x-15,200,-15.0,0.0,E27,-29.000,-50.230,58.000,0.649232,205.616
R200_x-15,200,-15.0,0.0,E28,-6.060,-57.680,57.997,0.450099,321.054
R200_x-15,200,-15.0,0.0,E29,17.920,-55.160,57.998,0.323937,72.524
R200_x-15,200,-15.0,0.0,E30,38.810,-43.100,57.999,0.231183,221.523
R200_x-15,200,-15.0,0.0,E31,52.990,-23.590,58.004,0.175904,80.977
R200_x15,200,15.0,0.0,E00,0.000,0.000,0.000,0.800764,243.499
R200_x15,200,15.0,0.0,E01,19.500,0.000,19.500,1.000000,57.272
R200_x15,200,15.0,0.0,E02,12.160,15.250,19.505,0.967096,336.211
R200_x15,200,15.0,0.0,E03,-4.340,19.010,19.499,0.675358,156.881
R200_x15,200,15.0,0.0,E04,-17.570,8.460,19.501,0.529188,15.761
R200_x15,200,15.0,0.0,E05,-17.570,-8.460,19.501,0.529188,15.761
R200_x15,200,15.0,0.0,E06,-4.340,-19.010,19.499,0.675358,156.881
R200_x15,200,15.0,0.0,E07,12.160,-15.250,19.505,0.967096,336.211
R200_x15,200,15.0,0.0,E08,37.000,0.000,37.000,1.000000,145.953
R200_x15,200,15.0,0.0,E09,28.340,23.780,36.995,1.000000,49.429
R200_x15,200,15.0,0.0,E10,6.420,36.440,37.001,0.661307,169.886
R200_x15,200,15.0,0.0,E11,-18.500,32.040,36.997,0.416521,265.613
R200_x15,200,15.0,0.0,E12,-34.770,12.650,37.000,0.321479,97.270
R200_x15,200,15.0,0.0,E13,-34.770,-12.650,37.000,0.321479,97.270
R200_x15,200,15.0,0.0,E14,-18.500,-32.040,36.997,0.416521,265.613
R200_x15,200,15.0,0.0,E15,6.420,-36.440,37.001,0.661307,169.886
R200_x15,200,15.0,0.0,E16,28.340,-23.780,36.995,1.000000,49.429
R200_x15,200,15.0,0.0,E17,58.000,0.000,58.000,1.000000,165.378
R200_x15,200,15.0,0.0,E18,52.990,23.590,58.004,1.000000,109.197
R200_x15,200,15.0,0.0,E19,38.810,43.100,57.999,0.746496,312.431
R200_x15,200,15.0,0.0,E20,17.920,55.160,57.998,0.527172,86.633
R200_x15,200,15.0,0.0,E21,-6.060,57.680,57.997,0.371986,194.567
R200_x15,200,15.0,0.0,E22,-29.000,50.230,58.000,0.258486,319.971
R200_x15,200,15.0,0.0,E23,-46.920,34.090,57.997,0.203250,140.931
R200_x15,200,15.0,0.0,E24,-56.730,12.060,57.998,0.184132,44.342
R200_x15,200,15.0,0.0,E25,-56.730,-12.060,57.998,0.184132,44.342
R200_x15,200,15.0,0.0,E26,-46.920,-34.090,57.997,0.203250,140.931
R200_x15,200,15.0,0.0,E27,-29.000,-50.230,58.000,0.258486,319.971
R200_x15,200,15.0,0.0,E28,-6.060,-57.680,57.997,0.371986,194.567
R200_x15,200,15.0,0.0,E29,17.920,-55.160,57.998,0.527172,86.633
R200_x15,200,15.0,0.0,E30,38.810,-43.100,57.999,0.746496,312.431
R200_x15,200,15.0,0.0,E31,52.990,-23.590,58.004,1.000000,109.197
R300_x-15,300,-15.0,0.0,E00,0.000,0.000,0.000,0.747552,5.248
R300_x-15,300,-15.0,0.0,E01,19.500,0.000,19.500,0.512192,128.973
R300_x-15,300,-15.0,0.0,E02,12.160,15.250,19.505,0.555156,207.488
R300_x-15,300,-15.0,0.0,E03,-4.340,19.010,19.499,0.809660,25.818
R300_x-15,300,-15.0,0.0,E04,-17.570,8.460,19.501,0.963514,170.639
R300_x-15,300,-15.0,0.0,E05,-17.570,-8.460,19.501,0.963514,170.639
R300_x-15,300,-15.0,0.0,E06,-4.340,-19.010,19.499,0.809660,25.818
R300_x-15,300,-15.0,0.0,E07,12.160,-15.250,19.505,0.555156,207.488
R300_x-15,300,-15.0,0.0,E08,37.000,0.000,37.000,0.429360,236.888
R300_x-15,300,-15.0,0.0,E09,28.340,23.780,36.995,0.446483,327.814
R300_x-15,300,-15.0,0.0,E10,6.420,36.440,37.001,0.615913,200.767
R300_x-15,300,-15.0,0.0,E11,-18.500,32.040,36.997,0.878709,110.933
R300_x-15,300,-15.0,0.0,E12,-34.770,12.650,37.000,0.887650,290.496
R300_x-15,300,-15.0,0.0,E13,-34.770,-12.650,37.000,0.887650,290.496
R300_x-15,300,-15.0,0.0,E14,-18.500,-32.040,36.997,0.878709,110.933
R300_x-15,300,-15.0,0.0,E15,6.420,-36.440,37.001,0.615913,200.767
R300_x-15,300,-15.0,0.0,E16,28.340,-23.780,36.995,0.446483,327.814
R300_x-15,300,-15.0,0.0,E17,58.000,0.000,58.000,0.340634,247.507
R300_x-15,300,-15.0,0.0,E18,52.990,23.590,58.004,0.318731,298.619
R300_x-15,300,-15.0,0.0,E19,38.810,43.100,57.999,0.338112,84.474
R300_x-15,300,-15.0,0.0,E20,17.920,55.160,57.998,0.428934,302.269
R300_x-15,300,-15.0,0.0,E21,-6.060,57.680,57.997,0.613843,196.859
R300_x-15,300,-15.0,0.0,E22,-29.000,50.230,58.000,0.795471,85.226
R300_x-15,300,-15.0,0.0,E23,-46.920,34.090,57.997,0.914656,282.777
R300_x-15,300,-15.0,0.0,E24,-56.730,12.060,57.998,0.997566,32.251
R300_x-15,300,-15.0,0.0,E25,-56.730,-12.060,57.998,0.997566,32.251
R300_x-15,300,-15.0,0.0,E26,-46.920,-34.090,57.997,0.914656,282.777
R300_x-15,300,-15.0,0.0,E27,-29.000,-50.230,58.000,0.795471,85.226
R300_x-15,300,-15.0,0.0,E28,-6.060,-57.680,57.997,0.613843,196.859
R300_x-15,300,-15.0,0.0,E29,17.920,-55.160,57.998,0.428934,302.269
R300_x-15,300,-15.0,0.0,E30,38.810,-43.100,57.999,0.338112,84.474
R300_x-15,300,-15.0,0.0,E31,52.990,-23.590,58.004,0.318731,298.619
R300_x15,300,15.0,0.0,E00,0.000,0.000,0.000,0.735451,5.248
R300_x15,300,15.0,0.0,E01,19.500,0.000,19.500,0.904029,191.909
R300_x15,300,15.0,0.0,E02,12.160,15.250,19.505,0.792605,111.204
R300_x15,300,15.0,0.0,E03,-4.340,19.010,19.499,0.718187,291.701
R300_x15,300,15.0,0.0,E04,-17.570,8.460,19.501,0.615501,149.573
R300_x15,300,15.0,0.0,E05,-17.570,-8.460,19.501,0.615501,149.573
R300_x15,300,15.0,0.0,E06,-4.340,-19.010,19.499,0.718187,291.701
R300_x15,300,15.0,0.0,E07,12.160,-15.250,19.505,0.792605,111.204
R300_x15,300,15.0,0.0,E08,37.000,0.000,37.000,0.925785,315.312
R300_x15,300,15.0,0.0,E09,28.340,23.780,36.995,0.888795,219.239
R300_x15,300,15.0,0.0,E10,6.420,36.440,37.001,0.704955,339.237
R300_x15,300,15.0,0.0,E11,-18.500,32.040,36.997,0.554172,71.869
R300_x15,300,15.0,0.0,E12,-34.770,12.650,37.000,0.411353,260.237
R300_x15,300,15.0,0.0,E13,-34.770,-12.650,37.000,0.411353,260.237
R300_x15,300,15.0,0.0,E14,-18.500,-32.040,36.997,0.554172,71.869
R300_x15,300,15.0,0.0,E15,6.420,-36.440,37.001,0.704955,339.237
R300_x15,300,15.0,0.0,E16,28.340,-23.780,36.995,0.888795,219.239
R300_x15,300,15.0,0.0,E17,58.000,0.000,58.000,1.000000,46.477
R300_x15,300,15.0,0.0,E18,52.990,23.590,58.004,0.963239,350.346
R300_x15,300,15.0,0.0,E19,38.810,43.100,57.999,0.892345,192.982
R300_x15,300,15.0,0.0,E20,17.920,55.160,57.998,0.703533,324.665
R300_x15,300,15.0,0.0,E21,-6.060,57.680,57.997,0.546538,67.557
R300_x15,300,15.0,0.0,E22,-29.000,50.230,58.000,0.385273,186.284
R300_x15,300,15.0,0.0,E23,-46.920,34.090,57.997,0.332258,0.896
R300_x15,300,15.0,0.0,E24,-56.730,12.060,57.998,0.340151,260.469
R300_x15,300,15.0,0.0,E25,-56.730,-12.060,57.998,0.340151,260.469
R300_x15,300,15.0,0.0,E26,-46.920,-34.090,57.997,0.332258,0.896
R300_x15,300,15.0,0.0,E27,-29.000,-50.230,58.000,0.385273,186.284
R300_x15,300,15.0,0.0,E28,-6.060,-57.680,57.997,0.546538,67.557
R300_x15,300,15.0,0.0,E29,17.920,-55.160,57.998,0.703533,324.665
R300_x15,300,15.0,0.0,E30,38.810,-43.100,57.999,0.892345,192.982
R300_x15,300,15.0,0.0,E31,52.990,-23.590,58.004,0.963239,350.346
R400_x-15,400,-15.0,0.0,E00,0.000,0.000,0.000,0.733212,126.997
R400_x-15,400,-15.0,0.0,E01,19.500,0.000,19.500,0.504571,256.736
R400_x-15,400,-15.0,0.0,E02,12.160,15.250,19.505,0.716766,335.586
R400_x-15,400,-15.0,0.0,E03,-4.340,19.010,19.499,0.755862,154.224
R400_x-15,400,-15.0,0.0,E04,-17.570,8.460,19.501,0.880218,298.833
R400_x-15,400,-15.0,0.0,E05,-17.570,-8.460,19.501,0.880218,298.833
R400_x-15,400,-15.0,0.0,E06,-4.340,-19.010,19.499,0.755862,154.224
R400_x-15,400,-15.0,0.0,E07,12.160,-15.250,19.505,0.716766,335.586
R400_x-15,400,-15.0,0.0,E08,37.000,0.000,37.000,0.409582,19.621
R400_x-15,400,-15.0,0.0,E09,28.340,23.780,36.995,0.523949,111.434
R400_x-15,400,-15.0,0.0,E10,6.420,36.440,37.001,0.651204,345.983
R400_x-15,400,-15.0,0.0,E11,-18.500,32.040,36.997,0.819508,256.684
R400_x-15,400,-15.0,0.0,E12,-34.770,12.650,37.000,0.868186,75.801
R400_x-15,400,-15.0,0.0,E13,-34.770,-12.650,37.000,0.868186,75.801
R400_x-15,400,-15.0,0.0,E14,-18.500,-32.040,36.997,0.819508,256.684
R400_x-15,400,-15.0,0.0,E15,6.420,-36.440,37.001,0.651204,345.983
R400_x-15,400,-15.0,0.0,E16,28.340,-23.780,36.995,0.523949,111.434
R400_x-15,400,-15.0,0.0,E17,58.000,0.000,58.000,0.432583,58.740
R400_x-15,400,-15.0,0.0,E18,52.990,23.590,58.004,0.523334,110.793
R400_x-15,400,-15.0,0.0,E19,38.810,43.100,57.999,0.410817,259.057
R400_x-15,400,-15.0,0.0,E20,17.920,55.160,57.998,0.575949,119.772
R400_x-15,400,-15.0,0.0,E21,-6.060,57.680,57.997,0.607874,16.686
R400_x-15,400,-15.0,0.0,E22,-29.000,50.230,58.000,0.724320,266.145
R400_x-15,400,-15.0,0.0,E23,-46.920,34.090,57.997,0.897208,103.683
R400_x-15,400,-15.0,0.0,E24,-56.730,12.060,57.998,1.000000,212.813
R400_x-15,400,-15.0,0.0,E25,-56.730,-12.060,57.998,1.000000,212.813
R400_x-15,400,-15.0,0.0,E26,-46.920,-34.090,57.997,0.897208,103.683
R400_x-15,400,-15.0,0.0,E27,-29.000,-50.230,58.000,0.724320,266.145
R400_x-15,400,-15.0,0.0,E28,-6.060,-57.680,57.997,0.607874,16.686
R400_x-15,400,-15.0,0.0,E29,17.920,-55.160,57.998,0.575949,119.772
R400_x-15,400,-15.0,0.0,E30,38.810,-43.100,57.999,0.410817,259.057
R400_x-15,400,-15.0,0.0,E31,52.990,-23.590,58.004,0.523334,110.793
R400_x15,400,15.0,0.0,E00,0.000,0.000,0.000,0.668067,126.997
R400_x15,400,15.0,0.0,E01,19.500,0.000,19.500,0.820925,320.036
R400_x15,400,15.0,0.0,E02,12.160,15.250,19.505,0.833672,239.539
R400_x15,400,15.0,0.0,E03,-4.340,19.010,19.499,0.726280,60.020
R400_x15,400,15.0,0.0,E04,-17.570,8.460,19.501,0.698163,277.435
R400_x15,400,15.0,0.0,E05,-17.570,-8.460,19.501,0.698163,277.435
R400_x15,400,15.0,0.0,E06,-4.340,-19.010,19.499,0.726280,60.020
R400_x15,400,15.0,0.0,E07,12.160,-15.250,19.505,0.833672,239.539
R400_x15,400,15.0,0.0,E08,37.000,0.000,37.000,0.812256,100.503
R400_x15,400,15.0,0.0,E09,28.340,23.780,36.995,0.851268,4.796
R400_x15,400,15.0,0.0,E10,6.420,36.440,37.001,0.707283,124.909
R400_x15,400,15.0,0.0,E11,-18.500,32.040,36.997,0.658476,216.327
R400_x15,400,15.0,0.0,E12,-34.770,12.650,37.000,0.479642,43.213
R400_x15,400,15.0,0.0,E13,-34.770,-12.650,37.000,0.479642,43.213
R400_x15,400,15.0,0.0,E14,-18.500,-32.040,36.997,0.658476,216.327
R400_x15,400,15.0,0.0,E15,6.420,-36.440,37.001,0.707283,124.909
R400_x15,400,15.0,0.0,E16,28.340,-23.780,36.995,0.851268,4.796
R400_x15,400,15.0,0.0,E17,58.000,0.000,58.000,1.000000,226.981
R400_x15,400,15.0,0.0,E18,52.990,23.590,58.004,1.000000,171.082
R400_x15,400,15.0,0.0,E19,38.810,43.100,57.999,0.837596,13.991
R400_x15,400,15.0,0.0,E20,17.920,55.160,57.998,0.702292,145.200
R400_x15,400,15.0,0.0,E21,-6.060,57.680,57.997,0.545159,246.353
R400_x15,400,15.0,0.0,E22,-29.000,50.230,58.000,0.466374,2.341
R400_x15,400,15.0,0.0,E23,-46.920,34.090,57.997,0.417151,174.134
R400_x15,400,15.0,0.0,E24,-56.730,12.060,57.998,0.389454,71.939
R400_x15,400,15.0,0.0,E25,-56.730,-12.060,57.998,0.389454,71.939
R400_x15,400,15.0,0.0,E26,-46.920,-34.090,57.997,0.417151,174.134
R400_x15,400,15.0,0.0,E27,-29.000,-50.230,58.000,0.466374,2.341
R400_x15,400,15.0,0.0,E28,-6.060,-57.680,57.997,0.545159,246.353
R400_x15,400,15.0,0.0,E29,17.920,-55.160,57.998,0.702292,145.200
R400_x15,400,15.0,0.0,E30,38.810,-43.100,57.999,0.837596,13.991
R400_x15,400,15.0,0.0,E31,52.990,-23.590,58.004,1.000000,171.082
R500_x-15,500,-15.0,0.0,E00,0.000,0.000,0.000,0.751962,248.746
R500_x-15,500,-15.0,0.0,E01,19.500,0.000,19.500,0.385246,22.121
R500_x-15,500,-15.0,0.0,E02,12.160,15.250,19.505,1.000000,101.165
R500_x-15,500,-15.0,0.0,E03,-4.340,19.010,19.499,0.995549,279.965
R500_x-15,500,-15.0,0.0,E04,-17.570,8.460,19.501,0.881797,64.430
R500_x-15,500,-15.0,0.0,E05,-17.570,-8.460,19.501,0.881797,64.430
R500_x-15,500,-15.0,0.0,E06,-4.340,-19.010,19.499,0.995549,279.965
R500_x-15,500,-15.0,0.0,E07,12.160,-15.250,19.505,1.000000,101.165
R500_x-15,500,-15.0,0.0,E08,37.000,0.000,37.000,0.280488,154.157
R500_x-15,500,-15.0,0.0,E09,28.340,23.780,36.995,0.676077,246.475
R500_x-15,500,-15.0,0.0,E10,6.420,36.440,37.001,0.587391,121.893
R500_x-15,500,-15.0,0.0,E11,-18.500,32.040,36.997,0.889835,32.793
R500_x-15,500,-15.0,0.0,E12,-34.770,12.650,37.000,1.000000,211.562
R500_x-15,500,-15.0,0.0,E13,-34.770,-12.650,37.000,1.000000,211.562
R500_x-15,500,-15.0,0.0,E14,-18.500,-32.040,36.997,0.889835,32.793
R500_x-15,500,-15.0,0.0,E15,6.420,-36.440,37.001,0.587391,121.893
R500_x-15,500,-15.0,0.0,E16,28.340,-23.780,36.995,0.676077,246.475
R500_x-15,500,-15.0,0.0,E17,58.000,0.000,58.000,0.394389,210.974
R500_x-15,500,-15.0,0.0,E18,52.990,23.590,58.004,0.328477,263.562
R500_x-15,500,-15.0,0.0,E19,38.810,43.100,57.999,0.448463,53.172
R500_x-15,500,-15.0,0.0,E20,17.920,55.160,57.998,0.480000,275.457
R500_x-15,500,-15.0,0.0,E21,-6.060,57.680,57.997,0.428302,173.512
R500_x-15,500,-15.0,0.0,E22,-29.000,50.230,58.000,0.707153,63.351
R500_x-15,500,-15.0,0.0,E23,-46.920,34.090,57.997,0.814006,260.655
R500_x-15,500,-15.0,0.0,E24,-56.730,12.060,57.998,0.911131,9.453
R500_x-15,500,-15.0,0.0,E25,-56.730,-12.060,57.998,0.911131,9.453
R500_x-15,500,-15.0,0.0,E26,-46.920,-34.090,57.997,0.814006,260.655
R500_x-15,500,-15.0,0.0,E27,-29.000,-50.230,58.000,0.707153,63.351
R500_x-15,500,-15.0,0.0,E28,-6.060,-57.680,57.997,0.428302,173.512
R500_x-15,500,-15.0,0.0,E29,17.920,-55.160,57.998,0.480000,275.457
R500_x-15,500,-15.0,0.0,E30,38.810,-43.100,57.999,0.448463,53.172
R500_x-15,500,-15.0,0.0,E31,52.990,-23.590,58.004,0.328477,263.562
R500_x15,500,15.0,0.0,E00,0.000,0.000,0.000,0.798257,248.746
R500_x15,500,15.0,0.0,E01,19.500,0.000,19.500,0.671786,85.590
R500_x15,500,15.0,0.0,E02,12.160,15.250,19.505,1.000000,5.227
R500_x15,500,15.0,0.0,E03,-4.340,19.010,19.499,0.967420,185.721
R500_x15,500,15.0,0.0,E04,-17.570,8.460,19.501,0.757622,42.878
R500_x15,500,15.0,0.0,E05,-17.570,-8.460,19.501,0.757622,42.878
R500_x15,500,15.0,0.0,E06,-4.340,-19.010,19.499,0.967420,185.721
R500_x15,500,15.0,0.0,E07,12.160,-15.250,19.505,1.000000,5.227
R500_x15,500,15.0,0.0,E08,37.000,0.000,37.000,0.648894,236.185
R500_x15,500,15.0,0.0,E09,28.340,23.780,36.995,0.824497,140.739
R500_x15,500,15.0,0.0,E10,6.420,36.440,37.001,0.633761,261.031
R500_x15,500,15.0,0.0,E11,-18.500,32.040,36.997,0.865486,351.834
R500_x15,500,15.0,0.0,E12,-34.770,12.650,37.000,0.826620,177.889
R500_x15,500,15.0,0.0,E13,-34.770,-12.650,37.000,0.826620,177.889
R500_x15,500,15.0,0.0,E14,-18.500,-32.040,36.997,0.865486,351.834
R500_x15,500,15.0,0.0,E15,6.420,-36.440,37.001,0.633761,261.031
R500_x15,500,15.0,0.0,E16,28.340,-23.780,36.995,0.824497,140.739
R500_x15,500,15.0,0.0,E17,58.000,0.000,58.000,0.932099,23.570
R500_x15,500,15.0,0.0,E18,52.990,23.590,58.004,0.737263,327.875
R500_x15,500,15.0,0.0,E19,38.810,43.100,57.999,0.651814,171.128
R500_x15,500,15.0,0.0,E20,17.920,55.160,57.998,0.589469,302.312
R500_x15,500,15.0,0.0,E21,-6.060,57.680,57.997,0.382380,42.694
R500_x15,500,15.0,0.0,E22,-29.000,50.230,58.000,0.639759,157.260
R500_x15,500,15.0,0.0,E23,-46.920,34.090,57.997,0.565751,327.501
R500_x15,500,15.0,0.0,E24,-56.730,12.060,57.998,0.369365,224.308
R500_x15,500,15.0,0.0,E25,-56.730,-12.060,57.998,0.369365,224.308
R500_x15,500,15.0,0.0,E26,-46.920,-34.090,57.997,0.565751,327.501
R500_x15,500,15.0,0.0,E27,-29.000,-50.230,58.000,0.639759,157.260
R500_x15,500,15.0,0.0,E28,-6.060,-57.680,57.997,0.382380,42.694
R500_x15,500,15.0,0.0,E29,17.920,-55.160,57.998,0.589469,302.312
R500_x15,500,15.0,0.0,E30,38.810,-43.100,57.999,0.651814,171.128
R500_x15,500,15.0,0.0,E31,52.990,-23.590,58.004,0.737263,327.875
R700_x-15,700,-15.0,0.0,E00,0.000,0.000,0.000,1.000000,132.245
R700_x-15,700,-15.0,0.0,E01,19.500,0.000,19.500,0.898404,269.800
R700_x-15,700,-15.0,0.0,E02,12.160,15.250,19.505,1.000000,349.057
R700_x-15,700,-15.0,0.0,E03,-4.340,19.010,19.499,1.000000,168.023
R700_x-15,700,-15.0,0.0,E04,-17.570,8.460,19.501,1.000000,312.306
R700_x-15,700,-15.0,0.0,E05,-17.570,-8.460,19.501,1.000000,312.306
R700_x-15,700,-15.0,0.0,E06,-4.340,-19.010,19.499,1.000000,168.023
R700_x-15,700,-15.0,0.0,E07,12.160,-15.250,19.505,1.000000,349.057
R700_x-15,700,-15.0,0.0,E08,37.000,0.000,37.000,1.000000,52.446
R700_x-15,700,-15.0,0.0,E09,28.340,23.780,36.995,0.748839,145.312
R700_x-15,700,-15.0,0.0,E10,6.420,36.440,37.001,0.604397,21.639
R700_x-15,700,-15.0,0.0,E11,-18.500,32.040,36.997,0.774958,292.654
R700_x-15,700,-15.0,0.0,E12,-34.770,12.650,37.000,1.000000,110.951
R700_x-15,700,-15.0,0.0,E13,-34.770,-12.650,37.000,1.000000,110.951
R700_x-15,700,-15.0,0.0,E14,-18.500,-32.040,36.997,0.774958,292.654
R700_x-15,700,-15.0,0.0,E15,6.420,-36.440,37.001,0.604397,21.639
R700_x-15,700,-15.0,0.0,E16,28.340,-23.780,36.995,0.748839,145.312
R700_x-15,700,-15.0,0.0,E17,58.000,0.000,58.000,0.379639,130.021
R700_x-15,700,-15.0,0.0,E18,52.990,23.590,58.004,0.377340,183.188
R700_x-15,700,-15.0,0.0,E19,38.810,43.100,57.999,0.640172,334.233
R700_x-15,700,-15.0,0.0,E20,17.920,55.160,57.998,0.386607,198.130
R700_x-15,700,-15.0,0.0,E21,-6.060,57.680,57.997,0.476723,97.244
R700_x-15,700,-15.0,0.0,E22,-29.000,50.230,58.000,0.538232,347.262
R700_x-15,700,-15.0,0.0,E23,-46.920,34.090,57.997,0.577775,184.091
R700_x-15,700,-15.0,0.0,E24,-56.730,12.060,57.998,0.633860,292.399
R700_x-15,700,-15.0,0.0,E25,-56.730,-12.060,57.998,0.633860,292.399
R700_x-15,700,-15.0,0.0,E26,-46.920,-34.090,57.997,0.577775,184.091
R700_x-15,700,-15.0,0.0,E27,-29.000,-50.230,58.000,0.538232,347.262
R700_x-15,700,-15.0,0.0,E28,-6.060,-57.680,57.997,0.476723,97.244
R700_x-15,700,-15.0,0.0,E29,17.920,-55.160,57.998,0.386607,198.130
R700_x-15,700,-15.0,0.0,E30,38.810,-43.100,57.999,0.640172,334.233
R700_x-15,700,-15.0,0.0,E31,52.990,-23.590,58.004,0.377340,183.188
R700_x15,700,15.0,0.0,E00,0.000,0.000,0.000,1.000000,132.245
R700_x15,700,15.0,0.0,E01,19.500,0.000,19.500,0.958698,333.415
R700_x15,700,15.0,0.0,E02,12.160,15.250,19.505,1.000000,253.215
R700_x15,700,15.0,0.0,E03,-4.340,19.010,19.499,1.000000,73.744
R700_x15,700,15.0,0.0,E04,-17.570,8.460,19.501,1.000000,290.620
R700_x15,700,15.0,0.0,E05,-17.570,-8.460,19.501,1.000000,290.620
R700_x15,700,15.0,0.0,E06,-4.340,-19.010,19.499,1.000000,73.744
R700_x15,700,15.0,0.0,E07,12.160,-15.250,19.505,1.000000,253.215
R700_x15,700,15.0,0.0,E08,37.000,0.000,37.000,1.000000,135.474
R700_x15,700,15.0,0.0,E09,28.340,23.780,36.995,0.830713,40.365
R700_x15,700,15.0,0.0,E10,6.420,36.440,37.001,0.605523,160.962
R700_x15,700,15.0,0.0,E11,-18.500,32.040,36.997,0.738184,251.168
R700_x15,700,15.0,0.0,E12,-34.770,12.650,37.000,0.992627,76.330
R700_x15,700,15.0,0.0,E13,-34.770,-12.650,37.000,0.992627,76.330
R700_x15,700,15.0,0.0,E14,-18.500,-32.040,36.997,0.738184,251.168
R700_x15,700,15.0,0.0,E15,6.420,-36.440,37.001,0.605523,160.962
R700_x15,700,15.0,0.0,E16,28.340,-23.780,36.995,0.830713,40.365
R700_x15,700,15.0,0.0,E17,58.000,0.000,58.000,0.548444,306.443
R700_x15,700,15.0,0.0,E18,52.990,23.590,58.004,0.602363,251.037
R700_x15,700,15.0,0.0,E19,38.810,43.100,57.999,0.730315,94.847
R700_x15,700,15.0,0.0,E20,17.920,55.160,57.998,0.421073,226.241
R700_x15,700,15.0,0.0,E21,-6.060,57.680,57.997,0.449016,325.999
R700_x15,700,15.0,0.0,E22,-29.000,50.230,58.000,0.457375,79.158
R700_x15,700,15.0,0.0,E23,-46.920,34.090,57.997,0.412548,247.768
R700_x15,700,15.0,0.0,E24,-56.730,12.060,57.998,0.415237,143.500
R700_x15,700,15.0,0.0,E25,-56.730,-12.060,57.998,0.415237,143.500
R700_x15,700,15.0,0.0,E26,-46.920,-34.090,57.997,0.412548,247.768
R700_x15,700,15.0,0.0,E27,-29.000,-50.230,58.000,0.457375,79.158
R700_x15,700,15.0,0.0,E28,-6.060,-57.680,57.997,0.449016,325.999
R700_x15,700,15.0,0.0,E29,17.920,-55.160,57.998,0.421073,226.241
R700_x15,700,15.0,0.0,E30,38.810,-43.100,57.999,0.730315,94.847
R700_x15,700,15.0,0.0,E31,52.990,-23.590,58.004,0.602363,251.037
R1000_x-15,1000,-15.0,0.0,E00,0.000,0.000,0.000,1.000000,137.493
R1000_x-15,1000,-15.0,0.0,E01,19.500,0.000,19.500,1.000000,278.199
R1000_x-15,1000,-15.0,0.0,E02,12.160,15.250,19.505,1.000000,357.611
R1000_x-15,1000,-15.0,0.0,E03,-4.340,19.010,19.499,1.000000,176.688
R1000_x-15,1000,-15.0,0.0,E04,-17.570,8.460,19.501,0.937407,320.824
R1000_x-15,1000,-15.0,0.0,E05,-17.570,-8.460,19.501,0.937407,320.824
R1000_x-15,1000,-15.0,0.0,E06,-4.340,-19.010,19.499,1.000000,176.688
R1000_x-15,1000,-15.0,0.0,E07,12.160,-15.250,19.505,1.000000,357.611
R1000_x-15,1000,-15.0,0.0,E08,37.000,0.000,37.000,1.000000,68.906
R1000_x-15,1000,-15.0,0.0,E09,28.340,23.780,36.995,1.000000,162.164
R1000_x-15,1000,-15.0,0.0,E10,6.420,36.440,37.001,0.540130,39.110
R1000_x-15,1000,-15.0,0.0,E11,-18.500,32.040,36.997,0.634342,310.133
R1000_x-15,1000,-15.0,0.0,E12,-34.770,12.650,37.000,0.855031,128.026
R1000_x-15,1000,-15.0,0.0,E13,-34.770,-12.650,37.000,0.855031,128.026
R1000_x-15,1000,-15.0,0.0,E14,-18.500,-32.040,36.997,0.634342,310.133
R1000_x-15,1000,-15.0,0.0,E15,6.420,-36.440,37.001,0.540130,39.110
R1000_x-15,1000,-15.0,0.0,E16,28.340,-23.780,36.995,1.000000,162.164
R1000_x-15,1000,-15.0,0.0,E17,58.000,0.000,58.000,0.000000,180.000
R1000_x-15,1000,-15.0,0.0,E18,52.990,23.590,58.004,0.725063,215.988
R1000_x-15,1000,-15.0,0.0,E19,38.810,43.100,57.999,0.736494,8.031
R1000_x-15,1000,-15.0,0.0,E20,17.920,55.160,57.998,0.684479,233.000
R1000_x-15,1000,-15.0,0.0,E21,-6.060,57.680,57.997,0.539094,132.732
R1000_x-15,1000,-15.0,0.0,E22,-29.000,50.230,58.000,0.559755,22.703
R1000_x-15,1000,-15.0,0.0,E23,-46.920,34.090,57.997,0.518146,219.035
R1000_x-15,1000,-15.0,0.0,E24,-56.730,12.060,57.998,0.345713,326.900
R1000_x-15,1000,-15.0,0.0,E25,-56.730,-12.060,57.998,0.345713,326.900
R1000_x-15,1000,-15.0,0.0,E26,-46.920,-34.090,57.997,0.518146,219.035
R1000_x-15,1000,-15.0,0.0,E27,-29.000,-50.230,58.000,0.559755,22.703
R1000_x-15,1000,-15.0,0.0,E28,-6.060,-57.680,57.997,0.539094,132.732
R1000_x-15,1000,-15.0,0.0,E29,17.920,-55.160,57.998,0.684479,233.000
R1000_x-15,1000,-15.0,0.0,E30,38.810,-43.100,57.999,0.736494,8.031
R1000_x-15,1000,-15.0,0.0,E31,52.990,-23.590,58.004,0.725063,215.988
R1000_x15,1000,15.0,0.0,E00,0.000,0.000,0.000,1.000000,137.493
R1000_x15,1000,15.0,0.0,E01,19.500,0.000,19.500,1.000000,341.893
R1000_x15,1000,15.0,0.0,E02,12.160,15.250,19.505,1.000000,261.820
R1000_x15,1000,15.0,0.0,E03,-4.340,19.010,19.499,1.000000,82.390
R1000_x15,1000,15.0,0.0,E04,-17.570,8.460,19.501,0.911303,299.066
R1000_x15,1000,15.0,0.0,E05,-17.570,-8.460,19.501,0.911303,299.066
R1000_x15,1000,15.0,0.0,E06,-4.340,-19.010,19.499,1.000000,82.390
R1000_x15,1000,15.0,0.0,E07,12.160,-15.250,19.505,1.000000,261.820
R1000_x15,1000,15.0,0.0,E08,37.000,0.000,37.000,1.000000,152.468
R1000_x15,1000,15.0,0.0,E09,28.340,23.780,36.995,1.000000,57.637
R1000_x15,1000,15.0,0.0,E10,6.420,36.440,37.001,0.534901,178.533
R1000_x15,1000,15.0,0.0,E11,-18.500,32.040,36.997,0.616530,268.366
R1000_x15,1000,15.0,0.0,E12,-34.770,12.650,37.000,0.785504,92.899
R1000_x15,1000,15.0,0.0,E13,-34.770,-12.650,37.000,0.785504,92.899
R1000_x15,1000,15.0,0.0,E14,-18.500,-32.040,36.997,0.616530,268.366
R1000_x15,1000,15.0,0.0,E15,6.420,-36.440,37.001,0.534901,178.533
R1000_x15,1000,15.0,0.0,E16,28.340,-23.780,36.995,1.000000,57.637
R1000_x15,1000,15.0,0.0,E17,58.000,0.000,58.000,0.000000,340.879
R1000_x15,1000,15.0,0.0,E18,52.990,23.590,58.004,0.797410,285.728
R1000_x15,1000,15.0,0.0,E19,38.810,43.100,57.999,0.750859,130.067
R1000_x15,1000,15.0,0.0,E20,17.920,55.160,57.998,0.702872,261.784
R1000_x15,1000,15.0,0.0,E21,-6.060,57.680,57.997,0.533961,1.258
R1000_x15,1000,15.0,0.0,E22,-29.000,50.230,58.000,0.526526,113.523
R1000_x15,1000,15.0,0.0,E23,-46.920,34.090,57.997,0.458703,281.017
R1000_x15,1000,15.0,0.0,E24,-56.730,12.060,57.998,0.287557,175.994
R1000_x15,1000,15.0,0.0,E25,-56.730,-12.060,57.998,0.287557,175.994
R1000_x15,1000,15.0,0.0,E26,-46.920,-34.090,57.997,0.458703,281.017
R1000_x15,1000,15.0,0.0,E27,-29.000,-50.230,58.000,0.526526,113.523
R1000_x15,1000,15.0,0.0,E28,-6.060,-57.680,57.997,0.533961,1.258
R1000_x15,1000,15.0,0.0,E29,17.920,-55.160,57.998,0.702872,261.784
R1000_x15,1000,15.0,0.0,E30,38.810,-43.100,57.999,0.750859,130.067
R1000_x15,1000,15.0,0.0,E31,52.990,-23.590,58.004,0.797410,285.728
R1500_x-15,1500,-15.0,0.0,E00,0.000,0.000,0.000,1.000000,26.239
R1500_x-15,1500,-15.0,0.0,E01,19.500,0.000,19.500,1.000000,169.407
R1500_x-15,1500,-15.0,0.0,E02,12.160,15.250,19.505,1.000000,248.936
R1500_x-15,1500,-15.0,0.0,E03,-4.340,19.010,19.499,1.000000,68.090
R1500_x-15,1500,-15.0,0.0,E04,-17.570,8.460,19.501,0.779837,212.105
R1500_x-15,1500,-15.0,0.0,E05,-17.570,-8.460,19.501,0.779837,212.105
R1500_x-15,1500,-15.0,0.0,E06,-4.340,-19.010,19.499,1.000000,68.090
R1500_x-15,1500,-15.0,0.0,E07,12.160,-15.250,19.505,1.000000,248.936
R1500_x-15,1500,-15.0,0.0,E08,37.000,0.000,37.000,0.763537,326.443
R1500_x-15,1500,-15.0,0.0,E09,28.340,23.780,36.995,0.897585,59.992
R1500_x-15,1500,-15.0,0.0,E10,6.420,36.440,37.001,0.637746,297.384
R1500_x-15,1500,-15.0,0.0,E11,-18.500,32.040,36.997,0.927475,208.366
R1500_x-15,1500,-15.0,0.0,E12,-34.770,12.650,37.000,1.000000,25.915
R1500_x-15,1500,-15.0,0.0,E13,-34.770,-12.650,37.000,1.000000,25.915
R1500_x-15,1500,-15.0,0.0,E14,-18.500,-32.040,36.997,0.927475,208.366
R1500_x-15,1500,-15.0,0.0,E15,6.420,-36.440,37.001,0.637746,297.384
R1500_x-15,1500,-15.0,0.0,E16,28.340,-23.780,36.995,0.897585,59.992
R1500_x-15,1500,-15.0,0.0,E17,58.000,0.000,58.000,0.000000,72.546
R1500_x-15,1500,-15.0,0.0,E18,52.990,23.590,58.004,0.436188,126.424
R1500_x-15,1500,-15.0,0.0,E19,38.810,43.100,57.999,0.542734,279.193
R1500_x-15,1500,-15.0,0.0,E20,17.920,55.160,57.998,0.583413,144.912
R1500_x-15,1500,-15.0,0.0,E21,-6.060,57.680,57.997,0.641468,45.017
R1500_x-15,1500,-15.0,0.0,E22,-29.000,50.230,58.000,0.654386,294.845
R1500_x-15,1500,-15.0,0.0,E23,-46.920,34.090,57.997,0.649528,130.708
R1500_x-15,1500,-15.0,0.0,E24,-56.730,12.060,57.998,0.345104,238.185
R1500_x-15,1500,-15.0,0.0,E25,-56.730,-12.060,57.998,0.345104,238.185
R1500_x-15,1500,-15.0,0.0,E26,-46.920,-34.090,57.997,0.649528,130.708
R1500_x-15,1500,-15.0,0.0,E27,-29.000,-50.230,58.000,0.654386,294.845
R1500_x-15,1500,-15.0,0.0,E28,-6.060,-57.680,57.997,0.641468,45.017
R1500_x-15,1500,-15.0,0.0,E29,17.920,-55.160,57.998,0.583413,144.912
R1500_x-15,1500,-15.0,0.0,E30,38.810,-43.100,57.999,0.542734,279.193
R1500_x-15,1500,-15.0,0.0,E31,52.990,-23.590,58.004,0.436188,126.424
R1500_x15,1500,15.0,0.0,E00,0.000,0.000,0.000,1.000000,26.239
R1500_x15,1500,15.0,0.0,E01,19.500,0.000,19.500,1.000000,233.142
R1500_x15,1500,15.0,0.0,E02,12.160,15.250,19.505,1.000000,153.172
R1500_x15,1500,15.0,0.0,E03,-4.340,19.010,19.499,1.000000,333.782
R1500_x15,1500,15.0,0.0,E04,-17.570,8.460,19.501,0.773087,190.309
R1500_x15,1500,15.0,0.0,E05,-17.570,-8.460,19.501,0.773087,190.309
R1500_x15,1500,15.0,0.0,E06,-4.340,-19.010,19.499,1.000000,333.782
R1500_x15,1500,15.0,0.0,E07,12.160,-15.250,19.505,1.000000,153.172
R1500_x15,1500,15.0,0.0,E08,37.000,0.000,37.000,0.822804,50.289
R1500_x15,1500,15.0,0.0,E09,28.340,23.780,36.995,0.900035,315.690
R1500_x15,1500,15.0,0.0,E10,6.420,36.440,37.001,0.599036,76.859
R1500_x15,1500,15.0,0.0,E11,-18.500,32.040,36.997,0.951409,166.449
R1500_x15,1500,15.0,0.0,E12,-34.770,12.650,37.000,1.000000,350.518
R1500_x15,1500,15.0,0.0,E13,-34.770,-12.650,37.000,1.000000,350.518
R1500_x15,1500,15.0,0.0,E14,-18.500,-32.040,36.997,0.951409,166.449
R1500_x15,1500,15.0,0.0,E15,6.420,-36.440,37.001,0.599036,76.859
R1500_x15,1500,15.0,0.0,E16,28.340,-23.780,36.995,0.900035,315.690
R1500_x15,1500,15.0,0.0,E17,58.000,0.000,58.000,0.000000,252.109
R1500_x15,1500,15.0,0.0,E18,52.990,23.590,58.004,0.480613,197.177
R1500_x15,1500,15.0,0.0,E19,38.810,43.100,57.999,0.571292,41.991
R1500_x15,1500,15.0,0.0,E20,17.920,55.160,57.998,0.570093,174.056
R1500_x15,1500,15.0,0.0,E21,-6.060,57.680,57.997,0.644060,273.421
R1500_x15,1500,15.0,0.0,E22,-29.000,50.230,58.000,0.667505,25.087
R1500_x15,1500,15.0,0.0,E23,-46.920,34.090,57.997,0.633292,191.782
R1500_x15,1500,15.0,0.0,E24,-56.730,12.060,57.998,0.345712,86.204
R1500_x15,1500,15.0,0.0,E25,-56.730,-12.060,57.998,0.345712,86.204
R1500_x15,1500,15.0,0.0,E26,-46.920,-34.090,57.997,0.633292,191.782
R1500_x15,1500,15.0,0.0,E27,-29.000,-50.230,58.000,0.667505,25.087
R1500_x15,1500,15.0,0.0,E28,-6.060,-57.680,57.997,0.644060,273.421
R1500_x15,1500,15.0,0.0,E29,17.920,-55.160,57.998,0.570093,174.056
R1500_x15,1500,15.0,0.0,E30,38.810,-43.100,57.999,0.571292,41.991
R1500_x15,1500,15.0,0.0,E31,52.990,-23.590,58.004,0.480613,197.177
R2000_x-15,2000,-15.0,0.0,E00,0.000,0.000,0.000,0.715026,274.985
R2000_x-15,2000,-15.0,0.0,E01,19.500,0.000,19.500,1.000000,59.387
R2000_x-15,2000,-15.0,0.0,E02,12.160,15.250,19.505,1.000000,138.974
R2000_x-15,2000,-15.0,0.0,E03,-4.340,19.010,19.499,1.000000,318.164
R2000_x-15,2000,-15.0,0.0,E04,-17.570,8.460,19.501,0.631837,102.116
R2000_x-15,2000,-15.0,0.0,E05,-17.570,-8.460,19.501,0.631837,102.116
R2000_x-15,2000,-15.0,0.0,E06,-4.340,-19.010,19.499,1.000000,318.164
R2000_x-15,2000,-15.0,0.0,E07,12.160,-15.250,19.505,1.000000,138.974
R2000_x-15,2000,-15.0,0.0,E08,37.000,0.000,37.000,0.849254,219.607
R2000_x-15,2000,-15.0,0.0,E09,28.340,23.780,36.995,0.935529,313.298
R2000_x-15,2000,-15.0,0.0,E10,6.420,36.440,37.001,0.606838,190.899
R2000_x-15,2000,-15.0,0.0,E11,-18.500,32.040,36.997,1.000000,101.845
R2000_x-15,2000,-15.0,0.0,E12,-34.770,12.650,37.000,1.000000,279.214
R2000_x-15,2000,-15.0,0.0,E13,-34.770,-12.650,37.000,1.000000,279.214
R2000_x-15,2000,-15.0,0.0,E14,-18.500,-32.040,36.997,1.000000,101.845
R2000_x-15,2000,-15.0,0.0,E15,6.420,-36.440,37.001,0.606838,190.899
R2000_x-15,2000,-15.0,0.0,E16,28.340,-23.780,36.995,0.935529,313.298
R2000_x-15,2000,-15.0,0.0,E17,58.000,0.000,58.000,0.000000,332.074
R2000_x-15,2000,-15.0,0.0,E18,52.990,23.590,58.004,0.465327,26.099
R2000_x-15,2000,-15.0,0.0,E19,38.810,43.100,57.999,0.654614,179.212
R2000_x-15,2000,-15.0,0.0,E20,17.920,55.160,57.998,0.608719,45.279
R2000_x-15,2000,-15.0,0.0,E21,-6.060,57.680,57.997,0.655461,305.534
R2000_x-15,2000,-15.0,0.0,E22,-29.000,50.230,58.000,0.728593,195.256
R2000_x-15,2000,-15.0,0.0,E23,-46.920,34.090,57.997,0.661122,30.857
R2000_x-15,2000,-15.0,0.0,E24,-56.730,12.060,57.998,0.273736,138.127
R2000_x-15,2000,-15.0,0.0,E25,-56.730,-12.060,57.998,0.273736,138.127
R2000_x-15,2000,-15.0,0.0,E26,-46.920,-34.090,57.997,0.661122,30.857
R2000_x-15,2000,-15.0,0.0,E27,-29.000,-50.230,58.000,0.728593,195.256
R2000_x-15,2000,-15.0,0.0,E28,-6.060,-57.680,57.997,0.655461,305.534
R2000_x-15,2000,-15.0,0.0,E29,17.920,-55.160,57.998,0.608719,45.279
R2000_x-15,2000,-15.0,0.0,E30,38.810,-43.100,57.999,0.654614,179.212
R2000_x-15,2000,-15.0,0.0,E31,52.990,-23.590,58.004,0.465327,26.099
R2000_x15,2000,15.0,0.0,E00,0.000,0.000,0.000,0.639435,274.985
R2000_x15,2000,15.0,0.0,E01,19.500,0.000,19.500,1.000000,123.137
R2000_x15,2000,15.0,0.0,E02,12.160,15.250,19.505,1.000000,43.220
R2000_x15,2000,15.0,0.0,E03,-4.340,19.010,19.499,1.000000,223.853
R2000_x15,2000,15.0,0.0,E04,-17.570,8.460,19.501,0.606979,80.306
R2000_x15,2000,15.0,0.0,E05,-17.570,-8.460,19.501,0.606979,80.306
R2000_x15,2000,15.0,0.0,E06,-4.340,-19.010,19.499,1.000000,223.853
R2000_x15,2000,15.0,0.0,E07,12.160,-15.250,19.505,1.000000,43.220
R2000_x15,2000,15.0,0.0,E08,37.000,0.000,37.000,0.963698,303.553
R2000_x15,2000,15.0,0.0,E09,28.340,23.780,36.995,0.946157,209.074
R2000_x15,2000,15.0,0.0,E10,6.420,36.440,37.001,0.555081,330.393
R2000_x15,2000,15.0,0.0,E11,-18.500,32.040,36.997,1.000000,59.876
R2000_x15,2000,15.0,0.0,E12,-34.770,12.650,37.000,1.000000,243.722
R2000_x15,2000,15.0,0.0,E13,-34.770,-12.650,37.000,1.000000,243.722
R2000_x15,2000,15.0,0.0,E14,-18.500,-32.040,36.997,1.000000,59.876
R2000_x15,2000,15.0,0.0,E15,6.420,-36.440,37.001,0.555081,330.393
R2000_x15,2000,15.0,0.0,E16,28.340,-23.780,36.995,0.946157,209.074
R2000_x15,2000,15.0,0.0,E17,58.000,0.000,58.000,0.000000,152.021
R2000_x15,2000,15.0,0.0,E18,52.990,23.590,58.004,0.527639,97.207
R2000_x15,2000,15.0,0.0,E19,38.810,43.100,57.999,0.693107,302.278
R2000_x15,2000,15.0,0.0,E20,17.920,55.160,57.998,0.597381,74.549
R2000_x15,2000,15.0,0.0,E21,-6.060,57.680,57.997,0.642588,173.895
R2000_x15,2000,15.0,0.0,E22,-29.000,50.230,58.000,0.727783,285.295
R2000_x15,2000,15.0,0.0,E23,-46.920,34.090,57.997,0.641412,91.614
R2000_x15,2000,15.0,0.0,E24,-56.730,12.060,57.998,0.283581,345.770
R2000_x15,2000,15.0,0.0,E25,-56.730,-12.060,57.998,0.283581,345.770
R2000_x15,2000,15.0,0.0,E26,-46.920,-34.090,57.997,0.641412,91.614
R2000_x15,2000,15.0,0.0,E27,-29.000,-50.230,58.000,0.727783,285.295
R2000_x15,2000,15.0,0.0,E28,-6.060,-57.680,57.997,0.642588,173.895
R2000_x15,2000,15.0,0.0,E29,17.920,-55.160,57.998,0.597381,74.549
R2000_x15,2000,15.0,0.0,E30,38.810,-43.100,57.999,0.693107,302.278
R2000_x15,2000,15.0,0.0,E31,52.990,-23.590,58.004,0.527639,97.207
